件号,名称,工序,材质,厚度mm,每桌数量,图册页,文件,SHA256,状态
S03B,刀形腿内端封板,平切,冷轧钢板,1.5,3,S03BC / 17,S03B.dxf,30027213b95064b5a1c001118efc6631f2f5e5549a6629f6492d78f36346aeed,制造审核；未生产放行
S03C,刀形腿底封板,平切,冷轧钢板,1.5,4,S03BC / 17,S03C.dxf,119b64a05b5b536a1589cd659c578915aa1b01d26fc7b64c3d5512e3c559c88c,制造审核；未生产放行
S09A,可拆横梁端板,平切,钢板,3,8,S09 / 18,S09A.dxf,d093a92d7c506702e1421fc5e00b3057156bb0fef671b1235eeb872506588273,制造审核；未生产放行
S10A,中央搭接检修盖,平切,钢板,1.5,1,F01 / 21,S10A.dxf,fff0a287cb19147ba60f03079297deafae4a71bdbdae55d382ea2ce50038542b,制造审核；未生产放行
S10B,分线盒吊检修安装板,平切,钢板,2,1,F01 / 21,S10B.dxf,82be06820c9d0ce961a2f07fd77f77a4fcf6c81be3700bc1f876ce3cd5961053,制造审核；未生产放行
S10D,中央盖M5焊母补强片,平切,钢板,2,4,S10CDE / 20,S10D.dxf,598976a06f82d2c42201bbfaa955a26a2767ea7d81a6d81df6f906452ab651d7,制造审核；未生产放行
S09B,桌面M6固定耳,折弯展开,钢板,3,8,S09 / 18,S09B.dxf,d17707d658ad7bcf34f6399415c087d12ef9aeb66c1a56d9dc7c19bd057a41cd,制造审核；未生产放行
S09C,承托盒抱角,折弯展开,钢板,2,8,S09 / 18,S09C.dxf,388b7af6ee48803299ff259a86f87ab0fcecb8c32076b792574d4abb64c4e92d,制造审核；未生产放行
S10C,分线盒检修板悬臂,折弯展开,钢板,3,4,S10CDE / 20,S10C.dxf,13696e6de234eed4ae004a6375ba647e581e1a76f3c0fa3dca2f3be13b7175e4,制造审核；未生产放行
S10E,检修门锁接收槽形座,折弯展开,冷轧钢板,1.5,2,S10CDE / 20,S10E.dxf,248c06125e841dcef886467ace3d2ff743fe3e3a4e9a99734f34d3426be18675,制造审核；未生产放行
S06,U型卡槽,折弯展开,冷轧钢板,1,2,S06 / 15,S06.dxf,d5285159194e1048cfc362f701648375c16ed0045b026a46dbd61c925f0b4c96,制造审核；未生产放行
S05,长向C型加强筋,折弯展开,冷轧钢板,2,1,S05 / 13,S05.dxf,dfa65bff6e4e1ae7282c2c5eb17b41f8e6a959859872fc12d5c4b09a5cfb35ea,制造审核；未生产放行
S01,长边斜腹板,折弯展开,冷轧钢板,1.5,2,S01 / 8,S01.dxf,f85510f03c0fc46253527c81a05186a19ca1650869f11046e5e4e04b03e5386a,制造审核；未生产放行
S02,短边斜腹板,折弯展开,冷轧钢板,1.5,2,S02 / 9,S02.dxf,00000f67b32b705e918a248c6715d538162b0180b18c51ec0d2057a6c415af9c,制造审核；未生产放行
S03A,刀形腿开口壳,折弯展开,冷轧钢板,1.5,4,S03A / 10,S03A.dxf,691cbd13391397bc995a708f4e238eb8e0e08113c8c4daee53c8eac648de4640,制造审核；未生产放行
S04,桌肚四边折边底盘,折弯展开,冷轧钢板,1,1,S04 / 11,S04.dxf,47ccca7d4cf81852da57ab20a867556c8fed24bf4308973d42249009247470c3,制造审核；未生产放行
S07,桌肚检修门,折弯展开,冷轧钢板,1.5,2,F01 / 21,S07.dxf,c228fe6d838b6613314c352d93cfbdb634ece357c1a70be6166e9751e7facdfd,制造审核；未生产放行
S08A,横梁矩管身,型材锯切,钢矩形管，牌号待载荷确认,2,4,S08A / 16,见锯切说明,,制造审核；未生产放行
S03B-P,进线腿内端封板,平切,冷轧钢板,1.5,1,S03BC / 17,S03B-P.dxf,c7f0a59620c765a74800411f7e93564687613ff2190201f5ea1cce079c22bcf1,制造审核；未生产放行
S05-P,近侧进线C形长筋,折弯展开,冷轧钢板,2,1,S05-P / 14,S05-P.dxf,b362d85b4be0336ad45a9057f9d32e77b0bb410de56a97d3e3625d28d6702178,制造审核；未生产放行
S03A-GROOVE-B,S03A工序辅图,V槽工序参照,,,0,S03A / 10,S03A-GROOVE-B.dxf,53441229328c8879c638f7fc01545d4283aa200724b550c8e03b7180220fa1e3,辅图；不另领料
